pc_received_at_utc,sequence,payload_bytes,rssi_dbm,snr_db,is_duplicate,received_unique,sequence_gaps,duplicates_total,out_of_order_total
2026-09-07T14:14:47.711+00:00,156,24,-111.0,8.0,0,1,0,0,0
2026-09-07T14:14:49.881+00:00,157,24,-114.0,7.25,0,2,0,0,0
2026-09-07T14:14:52.051+00:00,158,24,-114.0,7.0,0,3,0,0,0
2026-09-07T14:14:54.221+00:00,159,24,-113.0,7.75,0,4,0,0,0
2026-09-07T14:14:56.401+00:00,160,24,-112.0,8.0,0,5,0,0,0
2026-09-07T14:14:58.574+00:00,161,24,-112.0,8.0,0,6,0,0,0
2026-09-07T14:15:00.744+00:00,162,24,-111.0,8.75,0,7,0,0,0
2026-09-07T14:15:02.914+00:00,163,24,-113.0,7.75,0,8,0,0,0
2026-09-07T14:15:05.084+00:00,164,24,-112.0,8.0,0,9,0,0,0
2026-09-07T14:15:07.254+00:00,165,24,-112.0,8.0,0,10,0,0,0
2026-09-07T14:15:09.425+00:00,166,24,-112.0,7.25,0,11,0,0,0
2026-09-07T14:15:11.594+00:00,167,24,-111.0,8.25,0,12,0,0,0
2026-09-07T14:15:13.774+00:00,168,24,-111.0,8.0,0,13,0,0,0
2026-09-07T14:15:15.944+00:00,169,24,-112.0,8.5,0,14,0,0,0
2026-09-07T14:15:18.114+00:00,170,24,-112.0,8.25,0,15,0,0,0
2026-09-07T14:15:20.295+00:00,171,24,-112.0,8.0,0,16,0,0,0
2026-09-07T14:15:22.465+00:00,172,24,-112.0,7.75,0,17,0,0,0
2026-09-07T14:15:24.644+00:00,173,24,-112.0,8.0,0,18,0,0,0
2026-09-07T14:15:26.825+00:00,174,24,-112.0,8.5,0,19,0,0,0
2026-09-07T14:15:29.005+00:00,175,24,-112.0,8.0,0,20,0,0,0
2026-09-07T14:15:31.175+00:00,176,24,-112.0,8.25,0,21,0,0,0
2026-09-07T14:15:33.344+00:00,177,24,-112.0,7.75,0,22,0,0,0
2026-09-07T14:15:35.514+00:00,178,24,-112.0,7.5,0,23,0,0,0
2026-09-07T14:15:37.685+00:00,179,24,-112.0,8.0,0,24,0,0,0
2026-09-07T14:15:39.854+00:00,180,24,-112.0,8.0,0,25,0,0,0
2026-09-07T14:15:42.025+00:00,181,24,-112.0,8.25,0,26,0,0,0
2026-09-07T14:15:44.195+00:00,182,24,-112.0,8.25,0,27,0,0,0
2026-09-07T14:15:46.365+00:00,183,24,-112.0,8.0,0,28,0,0,0
2026-09-07T14:15:48.535+00:00,184,24,-112.0,8.0,0,29,0,0,0
2026-09-07T14:15:50.705+00:00,185,24,-112.0,7.75,0,30,0,0,0
2026-09-07T14:15:52.875+00:00,186,24,-112.0,8.0,0,31,0,0,0
2026-09-07T14:15:55.045+00:00,187,24,-113.0,7.5,0,32,0,0,0
2026-09-07T14:15:57.215+00:00,188,24,-113.0,7.5,0,33,0,0,0
2026-09-07T14:15:59.395+00:00,189,24,-113.0,8.0,0,34,0,0,0
2026-09-07T14:16:01.565+00:00,190,24,-111.0,8.25,0,35,0,0,0
2026-09-07T14:16:03.735+00:00,191,24,-113.0,7.25,0,36,0,0,0
2026-09-07T14:16:05.904+00:00,192,24,-113.0,7.25,0,37,0,0,0
2026-09-07T14:16:08.085+00:00,193,24,-113.0,7.25,0,38,0,0,0
2026-09-07T14:16:10.255+00:00,194,24,-114.0,7.0,0,39,0,0,0
2026-09-07T14:16:12.425+00:00,195,24,-113.0,7.5,0,40,0,0,0
2026-09-07T14:16:14.595+00:00,196,24,-112.0,7.75,0,41,0,0,0
2026-09-07T14:16:16.765+00:00,197,24,-112.0,7.75,0,42,0,0,0
2026-09-07T14:16:18.935+00:00,198,24,-114.0,7.25,0,43,0,0,0
2026-09-07T14:16:21.106+00:00,199,24,-114.0,7.25,0,44,0,0,0
2026-09-07T14:16:23.275+00:00,200,24,-114.0,7.75,0,45,0,0,0
2026-09-07T14:16:25.445+00:00,201,24,-113.0,7.5,0,46,0,0,0
2026-09-07T14:16:27.615+00:00,202,24,-113.0,8.25,0,47,0,0,0
2026-09-07T14:16:29.785+00:00,203,24,-113.0,7.75,0,48,0,0,0
2026-09-07T14:16:31.956+00:00,204,24,-113.0,7.5,0,49,0,0,0
2026-09-07T14:16:34.125+00:00,205,24,-113.0,7.75,0,50,0,0,0
2026-09-07T14:16:36.295+00:00,206,24,-113.0,7.75,0,51,0,0,0
2026-09-07T14:16:38.465+00:00,207,24,-113.0,7.5,0,52,0,0,0
2026-09-07T14:16:40.635+00:00,208,24,-114.0,7.0,0,53,0,0,0
2026-09-07T14:16:42.806+00:00,209,24,-114.0,7.25,0,54,0,0,0
2026-09-07T14:16:44.975+00:00,210,24,-114.0,7.5,0,55,0,0,0
2026-09-07T14:16:47.145+00:00,211,24,-114.0,7.25,0,56,0,0,0
2026-09-07T14:16:49.316+00:00,212,24,-113.0,7.25,0,57,0,0,0
2026-09-07T14:16:51.486+00:00,213,24,-114.0,7.0,0,58,0,0,0
2026-09-07T14:16:53.655+00:00,214,24,-113.0,7.75,0,59,0,0,0
2026-09-07T14:16:55.826+00:00,215,24,-112.0,7.75,0,60,0,0,0
2026-09-07T14:16:57.995+00:00,216,24,-112.0,7.75,0,61,0,0,0
2026-09-07T14:17:00.166+00:00,217,24,-114.0,7.0,0,62,0,0,0
2026-09-07T14:17:02.337+00:00,218,24,-113.0,7.0,0,63,0,0,0
2026-09-07T14:17:04.506+00:00,219,24,-112.0,8.25,0,64,0,0,0
2026-09-07T14:17:06.676+00:00,220,24,-113.0,7.75,0,65,0,0,0
2026-09-07T14:17:08.846+00:00,221,24,-112.0,7.75,0,66,0,0,0
2026-09-07T14:17:11.026+00:00,222,24,-112.0,7.75,0,67,0,0,0
2026-09-07T14:17:13.196+00:00,223,24,-111.0,8.0,0,68,0,0,0
2026-09-07T14:17:15.366+00:00,224,24,-111.0,8.5,0,69,0,0,0
2026-09-07T14:17:17.537+00:00,225,24,-113.0,7.75,0,70,0,0,0
2026-09-07T14:17:19.716+00:00,226,24,-113.0,7.5,0,71,0,0,0
2026-09-07T14:17:21.886+00:00,227,24,-113.0,8.0,0,72,0,0,0
2026-09-07T14:17:24.056+00:00,228,24,-113.0,7.5,0,73,0,0,0
2026-09-07T14:17:26.226+00:00,229,24,-113.0,7.5,0,74,0,0,0
2026-09-07T14:17:28.396+00:00,230,24,-113.0,8.0,0,75,0,0,0
2026-09-07T14:17:30.566+00:00,231,24,-113.0,7.75,0,76,0,0,0
2026-09-07T14:17:32.736+00:00,232,24,-113.0,7.75,0,77,0,0,0
2026-09-07T14:17:34.906+00:00,233,24,-113.0,8.25,0,78,0,0,0
2026-09-07T14:17:37.076+00:00,234,24,-114.0,7.0,0,79,0,0,0
2026-09-07T14:17:39.246+00:00,235,24,-114.0,6.5,0,80,0,0,0
2026-09-07T14:17:41.416+00:00,236,24,-114.0,6.75,0,81,0,0,0
2026-09-07T14:17:43.586+00:00,237,24,-114.0,7.0,0,82,0,0,0
2026-09-07T14:17:45.756+00:00,238,24,-113.0,7.75,0,83,0,0,0
